Title,Year,Rating10,imdbID
"Hunt for the Wilderpeople",2016,8,tt4698684
"Twin Peaks: Fire Walk with Me",1992,8,tt0105665
"The Godfather",1972,10,tt0068646
"Downfall",2004,8,tt0363163
"The Death of Stalin",2017,7,tt4686844
"The Conjuring 2",2016,6,tt3065204
"Macbeth",2015,7,tt2884018
"The Hunchback of Notre Dame",1996,7,tt0116583
"Aladdin and the King of Thieves",1996,6,tt0115491
"Pocahontas II: Journey to a New World",1998,5,tt0143808
"Robin Hood",1973,8,tt0070608
"The Jungle Book",2016,7,tt3040964
"Comet in Moominland",1992,8,tt0240425
"Our Kind of Traitor",2016,6,tt1995390
"Pain & Gain",2013,7,tt1980209
"Spider-Man: Far From Home",2019,7,tt6320628
"Kill Bill: Vol. 1",2003,7,tt0266697
"Open Range",2003,8,tt0316356
"The Iron Giant",1999,8,tt0129167
"Charlie Wilson's War",2007,7,tt0472062
"Mud",2013,7,tt1935179
"The Professional",1994,8,None
"Rejected",2000,7,tt0234588
"Bowling for Columbine",2002,8,tt0310793
"Stand by Me",1986,7,tt0092005
"Sicko",2007,8,tt0386032
"Letters from Iwo Jima",2006,6,tt0498380
"Magnolia",1999,6,tt0175880
"Changeling",2008,8,tt0824747
"The Straight Story",1999,8,tt0166896
"Garden State",2004,7,tt0333766
"Frost/Nixon",2008,8,tt0870111
"Finding Neverland",2004,7,tt0308644
"Dirty Harry",1971,6,tt0066999
"Atonement",2007,6,tt0783233
"3:10 To Yuma",2007,8,tt0381849
"Snow White and the Seven Dwarfs",1937,7,tt0029583
"Mississippi Burning",1988,8,tt0095647
"Match Point",2005,7,tt0416320
"Eastern Promises",2007,7,tt0765443
"Close Encounters of the Third Kind",1977,7,tt0075860
"Brokeback Mountain",2005,7,tt0388795
"Man on Fire",2004,7,tt0328107
"Fahrenheit 9/11",2004,8,tt0361596
"Batman",1989,7,tt0096895
"American Graffiti",1973,7,tt0069704
"Philadelphia",1993,7,tt0107818
"Lethal Weapon",1987,7,tt0093409
"The Aviator",2004,7,tt0338751
"The Abyss",1989,7,tt0096754
"Michael Clayton",2007,5,tt0465538
"Live Free or Die Hard",2007,5,tt0337978
"Bolt",2008,5,tt0397892
"Before the Devil Knows You're Dead",2007,6,tt0292963
"Sunshine",2007,8,tt0448134
"Identity",2003,8,tt0309698
"Frailty",2001,6,tt0264616
"Face/Off",1997,7,tt0119094
"Contact",1997,8,tt0118884
"The Terminal",2004,7,tt0362227
"One Hundred and One Dalmatians",1961,7,tt0055254
"Kinsey",2004,7,tt0362269
"The Great Mouse Detective",1986,7,tt0091149
"GoldenEye",1995,7,tt0113189
"Flags of Our Fathers",2006,5,tt0418689
"Born on the Fourth of July",1989,7,tt0096969
"Yes Man",2008,5,tt1068680
"Pirates of the Caribbean: On Stranger Tides",2011,5,tt1298650
"The Butterfly Effect",2004,7,tt0289879
"Ice Age: The Meltdown",2006,5,tt0438097
"Wanted",2008,6,tt0493464
"Vanilla Sky",2001,7,tt0259711
"Quantum of Solace",2008,6,tt0830515
"Madagascar",2005,7,tt0351283
"Indiana Jones and the Kingdom of the Crystal Skull",2008,5,tt0367882
"Angels & Demons",2009,6,tt0808151
"War of the Worlds",2005,7,tt0407304
"Meet the Fockers",2004,6,tt0290002
"Bee Movie",2007,4,tt0389790
"American Pie 2",2001,5,tt0252866
"Air Force One",1997,7,tt0118571
"Twister",1996,6,tt0117998
"Stuart Little",1999,4,tt0164912
"Jurassic Park III",2001,7,tt0163025
"101 Dalmatians",1996,5,tt0115433
"Strangers on a Train",1951,7,tt0044079
"Ice Age: Dawn of the Dinosaurs",2009,6,tt1080016
"There's Something About Mary",1998,7,tt0129387
"The World Is Not Enough",1999,6,tt0143145
"Superman Returns",2006,6,tt0348150
"The Jungle Book",1967,7,tt0061852
"Robots",2005,6,tt0358082
"The Aristocats",1970,6,tt0065421
"The Land Before Time",1988,8,tt0095489
"Anastasia",1997,6,tt0118617
"Fantasia 2000",1999,6,tt0120910
"Peter Pan",1953,7,tt0046183
"Lady and the Tramp",1955,7,tt0048280
"Sleeping Beauty",1959,7,tt0053285
"Bambi",1942,7,tt0034492
"The Nightmare Before Christmas",1993,7,tt0107688
"Shrek the Third",2007,6,tt0413267
"Night at the Museum",2006,6,tt0477347
"National Treasure: Book of Secrets",2007,6,tt0465234
"Robin Hood: Prince of Thieves",1991,7,tt0102798
"Click (2006)",2006,6,tt0389860
"Who Framed Roger Rabbit",1988,8,tt0096438
"Dinosaur",2000,6,tt0130623
"The Perfect Storm",2000,6,tt0177971
"The Rock",1996,7,tt0117500
"Liar Liar",1997,7,tt0119528
"Shark Tale",2004,5,tt0307453
"Chicken Little",2005,4,tt0371606
"Meet the Parents",2000,6,tt0212338
"Doctor Dolittle",1998,5,tt0118998
"The Firm",1993,6,tt0106918
"Charlie's Angels",2000,4,tt0160127
"Babe",1995,7,tt0112431
"Enemy of the State",1998,7,tt0120660
"Crocodile Dundee",1986,7,tt0090555
"Crocodile Dundee II",1988,5,tt0092493
"Big Daddy",1999,6,tt0142342
"The Mask",1994,6,tt0110475
"The Mask of Zorro",1998,6,tt0120746
"American Wedding",2003,5,tt0328828
"Something's Gotta Give",2003,6,tt0337741
"Mr. Bean's Holiday",2007,6,tt0453451
"Sleepy Hollow",1999,7,tt0162661
"The Wrong Trousers",1993,9,tt0108598
"Bad Santa",2003,7,tt0307987
"The Gods Must Be Crazy",1980,7,tt0080801
"EuroTrip",2004,7,tt0356150
"K-PAX",2001,7,tt0272152
"Departures",2008,8,tt1069238
"Alice in Wonderland",1951,7,tt0043274
"Cinderella",1950,7,tt0042332
"Dumbo",1941,7,tt0033563
"Chicken Run",2000,8,tt0120630
"Over the Hedge",2006,6,tt0327084
"The Kids Are All Right",2010,4,tt0842926
"The Constant Gardener",2005,7,tt0387131
"Validation",2007,8,tt0986272
"Wild Wild West",1999,4,tt0120891
"Beverly Hills Cop III",1994,6,tt0109254
"50 First Dates",2004,6,tt0343660
"Evan Almighty",2007,5,tt0413099
"An Education",2009,7,tt1174732
"Vicky Cristina Barcelona",2008,7,tt0497465
"The Men Who Stare at Goats",2009,8,tt1234548
"Hook",1991,6,tt0102057
"Kiss of the Dragon",2001,6,tt0271027
"The Big White",2005,6,tt0402850
"A Walk to Remember",2002,6,tt0281358
"Ace Ventura: When Nature Calls",1995,6,tt0112281
"Ace Ventura: Pet Detective",1994,6,tt0109040
"Kops",2003,7,tt0339230
"Vantage Point",2008,6,tt0443274
"Into the Blue",2005,4,tt0378109
"Hard Candy",2005,8,tt0424136
"Transformers: Dark of the Moon",2011,5,tt1399103
"Transformers: Revenge of the Fallen",2009,5,tt1055369
"One Hour Photo",2002,6,tt0265459
"The Invention of Lying",2009,4,tt1058017
"The Naked Gun: From the Files of Police Squad!",1988,7,tt0095705
"Airplane!",1980,8,tt0080339
"Hot Shots! Part Deux",1993,7,tt0107144
"Hot Shots!",1991,7,tt0102059
"Blue Valentine",2010,7,tt1120985
"Fantastic Four",2005,5,tt0120667
"Fantastic Four: Rise of the Silver Surfer",2007,4,tt0486576
"Scary Movie 4",2006,4,tt0362120
"Scary Movie 3",2003,5,tt0306047
"Scary Movie 2",2001,5,tt0257106
"American Pie Presents: Beta House",2007,4,tt0974959
"The Name of the Rose",1986,5,tt0091605
"Daddy Day Care",2003,4,tt0317303
"Sky Captain and the World of Tomorrow",2004,6,tt0346156
"Restrepo",2010,8,tt1559549
"The Kingdom",2007,7,tt0431197
"Super 8",2011,7,tt1650062
"Team America: World Police",2004,6,tt0372588
"The Hangover Part II",2011,5,tt1411697
"Tomorrow Never Dies",1997,6,tt0120347
"American Hustle",2013,7,tt1800241
"Spy Kids",2001,4,tt0227538
"Brüno",2009,4,tt0889583
"Robin Hood: Men in Tights",1993,7,tt0107977
"City of Angels",1998,6,tt0120632
"Cassandra's Dream",2007,7,tt0795493
"Out of Reach",2004,3,tt0377100
"Breakheart Pass",1975,7,tt0072735
"Colombiana",2011,6,tt1657507
"Flight of the Phoenix",2004,6,tt0377062
"Ladder 49",2004,7,tt0349710
"My Dog Skip",2000,7,tt0156812
"Hardball",2001,6,tt0180734
"The Nutty Professor",1996,5,tt0117218
"Nutty Professor II: The Klumps",2000,5,tt0144528
"Heartbreakers",2001,5,tt0125022
"We Were Soldiers",2002,6,tt0277434
"Frankenhooker",1990,3,tt0099611
"The Adventures of Priscilla, Queen of the Desert",1994,8,tt0109045
"Nacho Libre",2006,5,tt0457510
"Homeward Bound II: Lost in San Francisco",1996,5,tt0116552
"Cowboys & Aliens",2011,4,tt0409847
"Instinct",1999,6,tt0128278
"The Longest Yard",2005,6,tt0398165
"Along Came Polly",2004,5,tt0343135
"A Goofy Movie",1995,7,tt0113198
"Friends with Benefits",2011,5,tt1632708
"Secret Window",2004,6,tt0363988
"The Lion King II: Simba's Pride",1998,6,tt0120131
"Balto",1995,8,tt0112453
"The Rescuers Down Under",1990,7,tt0100477
"The Rescuers",1977,7,tt0076618
"The Bear",1988,7,tt0095800
"Collateral Damage",2002,5,tt0233469
"Mr. Brooks",2007,5,tt0780571
"An Inconvenient Truth",2006,7,tt0497116
"Cruel Intentions",1999,6,tt0139134
"Funny People",2009,4,tt1201167
"Law Abiding Citizen",2009,7,tt1197624
"Roger & Me",1989,8,tt0098213
"The Horse Whisperer",1998,7,tt0119314
"Halloween",1978,6,tt0077651
"Just Married",2003,4,tt0305711
"Killer Elite",2011,7,tt1448755
"The Rum Diary",2011,7,tt0376136
"Duel",1971,7,tt0067023
"Mission: Impossible II",2000,6,tt0120755
"Monster's Ball",2001,7,tt0285742
"The Bourne Supremacy",2004,7,tt0372183
"Bridesmaids",2011,6,tt1478338
"Unforgiven",1992,7,tt0105695
"25th Hour",2002,6,tt0307901
"The Expendables 2",2012,7,tt1764651
"Good Morning, Vietnam",1987,8,tt0093105
"Secretary",2002,7,tt0274812
"Alice in Wonderland",2010,6,tt1014759
"The Girl with the Dragon Tattoo",2011,7,tt1568346
"Source Code",2011,7,tt0945513
"Moneyball",2011,7,tt1210166
"The Green Hornet",2011,5,tt0990407
"Me, Myself & Irene",2000,6,tt0183505
"Flubber",1997,5,tt0119137
"The Girl Next Door",2004,6,tt0265208
"Men in Black 3",2012,6,tt1409024
"Men in Black II",2002,6,tt0120912
"The League of Extraordinary Gentlemen",2003,5,tt0311429
"Johnny English",2003,6,tt0274166
"Silver Linings Playbook",2012,7,tt1045658
"George of the Jungle",1997,5,tt0119190
"Rat Race",2001,5,tt0250687
"Lincoln",2012,7,tt0443272
"Taxi",1998,7,tt0152930
"Peter Pan",2003,6,tt0316396
"The Place Beyond the Pines",2013,7,tt1817273
"Mystic River",2003,8,tt0327056
"Gone Baby Gone",2007,7,tt0452623
"Beasts of the Southern Wild",2012,7,tt2125435
"Wyatt Earp",1994,7,tt0111756
"Tinker Tailor Soldier Spy",2011,8,tt1340800
"Stuck on You",2003,5,tt0338466
"U.S. Marshals",1998,7,tt0120873
"The Tuxedo",2002,4,tt0290095
"Super Size Me",2004,6,tt0390521
"Solaris",2002,5,tt0307479
"Shine a Light",2008,8,tt0893382
"Revolutionary Road",2008,7,tt0959337
"Red Planet",2000,5,tt0199753
"Primeval",2007,3,tt0772193
"Patch Adams",1998,7,tt0129290
"October Sky",1999,8,tt0132477
"The Hunted",2003,4,tt0269347
"Home Alone 3",1997,4,tt0119303
"A Grand Day Out",1990,9,tt0104361
"Frequency",2000,7,tt0186151
"Food, Inc.",2008,8,tt1286537
"Finding Forrester",2000,7,tt0181536
"Dungeons & Dragons",2000,1,tt0190374
"Dreamcatcher",2003,4,tt0285531
"Involuntary",2008,5,tt1232826
"The World's End",2013,6,tt1213663
"Ragnarok",2013,5,tt2363213
"The Lone Ranger",2013,4,tt1210819
"Cellular",2004,5,tt0337921
"Crimson Tide",1995,7,tt0112740
"Rush Hour 2",2001,5,tt0266915
"A Good Day To Die Hard",2013,5,tt1606378
"Good Luck Chuck",2007,4,tt0452625
"A Dangerous Method",2011,6,tt1571222
"The English Patient",1996,6,tt0116209
"All Quiet on the Western Front",1930,7,tt0020629
"Midnight Cowboy",1969,7,tt0064665
"Patton",1970,7,tt0066206
"Slumdog Millionaire",2008,8,tt1010048
"Precious",2009,7,tt0929632
"The Descendants",2011,7,tt1033575
"M*A*S*H",1970,7,tt0066026
"The Tree of Life",2011,7,tt0478304
"John Carter",2012,4,tt0401729
"The Bourne Ultimatum",2007,7,tt0440963
"Scream",1996,7,tt0117571
"A Few Good Men",1992,7,tt0104257
"Jerry Maguire",1996,7,tt0116695
"Dr. No",1962,6,tt0055928
"Under Siege",1992,5,tt0105690
"Wild Hogs",2007,5,tt0486946
"Starship Troopers",1997,7,tt0120201
"Die Another Day",2002,6,tt0246460
"Behind Enemy Lines",2001,6,tt0159273
"Office Space",1999,8,tt0151804
"Scary Movie",2000,6,tt0175142
"My Own Private Idaho",1991,5,tt0102494
"Free Willy",1993,6,tt0106965
"A Bridge Too Far",1977,7,tt0075784
"The Man Who Loved Yngve",2008,7,tt1114723
"Mission: Impossible III",2006,7,tt0317919
"Sleepless In Seattle",1993,6,tt0108160
"Beverly Hills Cop II",1987,6,tt0092644
"Munich",2005,8,tt0408306
"The Island",2005,7,tt0399201
"You Were Never Really Here",2017,6,tt5742374
"Spring Breakers",2013,4,tt2101441
"Thirteen",2003,6,tt0328538
"Up in the Air",2009,7,tt1193138
"Seven Psychopaths",2012,7,tt1931533
"Wallace & Gromit: The Curse of the Were-Rabbit",2005,7,tt0312004
"Godzilla",2014,6,tt0831387
"Freaky Friday",2003,5,tt0322330
"Déjà Vu",2006,6,tt0453467
"Hollow Man",2000,4,tt0164052
"The Shape of Water",2017,7,tt5580390
"Headhunters",2011,7,tt1614989
"The Polar Express",2004,6,tt0338348
"Captain Phillips",2013,7,tt1535109
"Transformers",2007,7,tt0418279
"Anchorman: The Legend of Ron Burgundy",2004,6,tt0357413
"On the Waterfront",1954,7,tt0047296
"My Neighbor Totoro",1988,9,tt0096283
"Kiki's Delivery Service",1989,7,tt0097814
"Pinocchio",1940,7,tt0032910
"The Little Mermaid",1989,7,tt0097757
"Beauty and the Beast",1991,7,tt0101414
"A Bug's Life",1998,7,tt0120623
"Tarzan",1999,8,tt0120855
"The Emperor's New Groove",2000,8,tt0120917
"Home on the Range",2004,5,tt0299172
"Pocahontas",1995,7,tt0114148
"Brother Bear",2003,7,tt0328880
"Tarzan II",2005,5,tt0437503
"The Fox and the Hound",1981,7,tt0082406
"Lilo & Stitch",2002,8,tt0275847
"Hercules",1997,7,tt0119282
"Treasure Planet",2002,8,tt0133240
"Atlantis: The Lost Empire",2001,7,tt0230011
"The Prince of Egypt",1998,7,tt0120794
"Homeward Bound: The Incredible Journey",1993,8,tt0107131
"The Parent Trap",1998,6,tt0120783
"King Kong",2005,8,tt0360717
"The Master",2012,7,tt1560747
"The Village",2004,7,tt0368447
"In the Valley of Elah",2007,7,tt0478134
"The Nice Guys",2016,7,tt3799694
"The Man Who Wasn't There",2001,8,tt0243133
"Blood Simple",1984,7,tt0086979
"Hail, Caesar!",2016,6,tt0475290
"A Serious Man",2009,7,tt1019452
"Citizen Kane",1941,7,tt0033467
"Casablanca",1942,7,tt0034583
"Dr. Strangelove",1964,8,tt0057012
"Paths of Glory",1957,7,tt0050825
"Van Helsing",2004,6,tt0338526
"The Golden Compass",2007,5,tt0385752
"The Mummy Returns",2001,5,tt0209163
"Troy",2004,7,tt0332452
"Pirates of the Caribbean: The Curse of the Black Pearl",2003,7,tt0325980
"The Lord of the Rings: The Return of the King (Extended Edition)",2004,10,None
"The Lord of The Rings: The Two Towers (Extended Edition)",2003,10,None
"Winter's Bone",2010,6,tt1399683
"The Lord of the Rings: The Fellowship of the Ring (Extended Edition)",2002,10,None
"Split",2016,7,tt4972582
"Roma",2018,7,tt6155172
"Gandhi",1982,7,tt0083987
"Moonrise Kingdom",2012,8,tt1748122
"The Assassination of Jesse James by the Coward Robert Ford",2007,8,tt0443680
"My Name Is Nobody",1973,7,tt0070215
"They Call Me Trinity",1970,7,tt0067355
"Gremlins",1984,7,tt0087363
"Wonder Woman",2017,6,tt0451279
"Eternals",2021,5,tt9032400
"A Quiet Place",2018,7,tt6644200
"The Hangover",2009,6,tt1119646
"Cold Mountain",2003,6,tt0159365
"Crash",2005,7,tt0375679
"Lawless",2012,7,tt1212450
"The Conjuring",2013,7,tt1457767
"The Blind Side",2009,7,tt0878804
"Bridge to Terabithia",2007,7,tt0398808
"Raging Bull",1980,8,tt0081398
"Guardians of the Galaxy",2014,8,tt2015381
"Little Miss Sunshine",2006,7,tt0449059
"Donnie Darko",2001,8,tt0246578
"Léon: The Professional",1994,7,tt0110413
"The Usual Suspects",1995,8,tt0114814
"Jaws",1975,7,tt0073195
"Inglourious Basterds",2009,8,tt0361748
"Heat",1995,7,tt0113277
"Up",2009,8,tt1049413
"Braveheart",1995,6,tt0112573
"The Sting",1973,7,tt0070735
"12 Angry Men",1957,8,tt0050083
"The Fifth Element",1997,7,tt0119116
"Shutter Island",2010,7,tt1130884
"Independence Day",1996,6,tt0116629
"Bone Tomahawk",2015,7,tt2494362
"Con Air",1997,7,tt0118880
"Ninjababy",2021,7,tt13821562
"Road to Perdition",2002,7,tt0257044
"The Expendables",2010,6,tt1320253
"Ocean's Thirteen",2007,7,tt0496806
"Independence Day: Resurgence",2016,5,tt1628841
"The Lost World: Jurassic Park",1997,7,tt0119567
"You've Got Mail",1998,6,tt0128853
"The Fast and the Furious: Tokyo Drift",2006,6,tt0463985
"Sausage Party",2016,5,tt1700841
"The Matrix Revolutions",2003,7,tt0242653
"American Sniper",2014,6,tt2179136
"2 Fast 2 Furious",2003,5,tt0322259
"Charlie and the Chocolate Factory",2005,6,tt0367594
"Justice League",2017,5,tt0974015
"Dark Phoenix",2019,5,tt6565702
"Natural Born Killers",1994,6,tt0110632
"The Incredible Hulk",2008,5,tt0800080
"Rush Hour",1998,6,tt0120812
"Bad Boys",1995,6,tt0112442
"The Florida Project",2017,7,tt5649144
"The Italian Job",2003,7,tt0317740
"Inside Llewyn Davis",2013,6,tt2042568
"Tomb Raider",2018,4,tt1365519
"Borat: Cultural Learnings of America for Make Benefit Glorious Nation of Kazakhstan",2006,7,tt0443453
"National Treasure",2004,6,tt0368891
"Beverly Hills Cop",1984,7,tt0086960
"The Wrestler",2008,7,tt1125849
"Polar",2019,2,tt4139588
"Taken 2",2012,4,tt1397280
"Alien: Covenant",2017,7,tt2316204
"Collateral",2004,7,tt0369339
"It Follows",2014,6,tt3235888
"Fast & Furious",2009,7,tt1013752
"The Fate of the Furious",2017,7,tt4630562
"The Day After Tomorrow",2004,6,tt0319262
"True Grit",2010,7,tt1403865
"Adaptation.",2002,6,tt0268126
"Mission: Impossible",1996,7,tt0117060
"Cloverfield",2008,6,tt1060277
"TRON: Legacy",2010,6,tt1104001
"The Da Vinci Code",2006,6,tt0382625
"Coming to America",1988,6,tt0094898
"Spectre",2015,6,tt2379713
"The Fighter",2010,7,tt0964517
"Mr. & Mrs. Smith",2005,6,tt0356910
"Jack Reacher",2012,4,tt0790724
"Kong: Skull Island",2017,7,tt3731562
"Mission: Impossible - Rogue Nation",2015,7,tt2381249
"Kingsman: The Golden Circle",2017,6,tt4649466
"Suicide Squad",2016,5,tt1386697
"I, Tonya",2017,8,tt5580036
"Batman v Superman: Dawn of Justice",2016,5,tt2975590
"Shrek 2",2004,7,tt0298148
"Utøya: July 22",2018,7,tt7959216
"Ted",2012,5,tt1637725
"American Pie",1999,6,tt0163651
"The Matrix Reloaded",2003,7,tt0234215
"What's Eating Gilbert Grape",1993,7,tt0108550
"Spider-Man 3",2007,6,tt0413300
"Aladdin",1992,8,tt0103639
"Back to the Future Part III",1990,7,tt0099088
"Tropic Thunder",2008,7,tt0942385
"Terkel in Trouble",2004,7,tt0386820
"Mission: Impossible - Ghost Protocol",2011,7,tt1229238
"The Post",2018,7,tt6294822
"The Royal Tenenbaums",2001,9,tt0265666
"Kick-Ass",2010,7,tt1250777
"The Fast and the Furious",2001,5,tt0232500
"Furious 7",2015,7,tt2820852
"I, Robot",2004,6,tt0343818
"Inside Man",2006,7,tt0454848
"Checkered Ninja",2018,6,tt7367960
"Unbreakable",2000,7,tt0217869
"Fast Five",2011,7,tt1596343
"Fantastic Mr. Fox",2009,8,tt0432283
"Ice Age",2002,8,tt0268380
"The Bourne Identity",2002,7,tt0258463
"Grizzly Man",2005,7,tt0427312
"Kon-Tiki",2012,6,tt1613750
"Die Hard with a Vengeance",1995,8,tt0112864
"El Camino: A Breaking Bad Movie",2019,7,tt9243946
"Bridget Jones's Diary",2001,5,tt0243155
"Fast & Furious 6",2013,7,tt1905041
"Pokémon Detective Pikachu",2019,7,tt5884052
"Star Trek Into Darkness",2013,6,tt1408101
"Jurassic World",2015,5,tt0369610
"Cars",2006,7,tt0317219
"X2",2003,6,tt0290334
"Mulan",1998,7,tt0120762
"Back to the Future Part II",1989,8,tt0096874
"O Brother, Where Art Thou?",2000,7,tt0190590
"Training Day",2001,7,tt0139654
"X-Men",2000,6,tt0120903
"Argo",2012,7,tt1024648
"Toy Story 3",2010,8,tt0435761
"E.T. the Extra-Terrestrial",1982,7,tt0083866
"Prometheus",2012,7,tt1446714
"The Last Samurai",2003,8,tt0325710
"Fantastic Beasts: The Crimes of Grindelwald",2018,7,tt4123430
"Oblivion",2013,7,tt1483013
"Star Trek",2009,6,tt0796366
"Die Hard 2",1990,7,tt0099423
"Dawn of the Planet of the Apes",2014,6,tt2103281
"Juno",2007,7,tt0467406
"Signs",2002,6,tt0286106
"I Am Legend",2007,7,tt0480249
"Walk the Line",2005,8,tt0358273
"The Accountant",2016,6,tt2140479
"Sherlock Holmes",2009,7,tt0988045
"The Incredibles",2004,8,tt0317705
"Max Manus: Man of War",2008,7,tt1029235
"First Man",2018,7,tt1213641
"Million Dollar Baby",2004,7,tt0405159
"American Gangster",2007,8,tt0765429
"Casino Royale",2006,9,tt0381061
"Watchmen",2009,7,tt0409459
"Frozen",2013,7,tt2294629
"Don't Breathe",2016,7,tt4160708
"Spider-Man 2",2004,7,tt0316654
"Thor: The Dark World",2013,6,tt1981115
"Man of Steel",2013,5,tt0770828
"Top Gun",1986,7,tt0092099
"Iron Man 2",2010,6,tt1228705
"Deepwater Horizon",2016,6,tt1860357
"Icarus",2017,7,tt6333060
"Kung Fu Panda",2008,6,tt0441773
"The Fugitive",1993,8,tt0106977
"X-Men: First Class",2011,7,tt1270798
"Birdman or (The Unexpected Virtue of Ignorance)",2014,6,tt2562232
"It",2017,6,tt1396484
"Cast Away",2000,7,tt0162222
"50/50",2011,7,tt1306980
"Pirates of the Caribbean: At World's End",2007,7,tt0449088
"Thor",2011,6,tt0800369
"Taken",2008,6,tt0936501
"X-Men: Apocalypse",2016,6,tt3385516
"Captain America: The First Avenger",2011,6,tt0458339
"Spider-Man",2002,7,tt0145487
"Ant-Man",2015,7,tt0478970
"10 Cloverfield Lane",2016,8,tt1179933
"Harry Potter and the Order of the Phoenix",2007,8,tt0373889
"X-Men: Days of Future Past",2014,7,tt1877832
"The Hunger Games: Catching Fire",2013,6,tt1951264
"Looper",2012,6,tt1276104
"Blood Diamond",2006,7,tt0450259
"The Pinchcliffe Grand Prix",1975,9,tt0073000
"Ant-Man and the Wasp",2018,6,tt5095030
"Captain Marvel",2019,6,tt4154664
"The Equalizer",2014,7,tt0455944
"The Curious Case of Benjamin Button",2008,8,tt0421715
"127 Hours",2010,8,tt1542344
"Gravity",2013,7,tt1454468
"Hot Fuzz",2007,8,tt0425112
"Shaun of the Dead",2004,7,tt0365748
"The Great Gatsby",2013,6,tt1343092
"The Town",2010,7,tt0840361
"The King's Speech",2010,7,tt1504320
"Aliens",1986,8,tt0090605
"Life of Pi",2012,6,tt0454876
"The Hitman's Bodyguard",2017,6,tt1959563
"John Wick: Chapter 3 - Parabellum",2019,6,tt6146586
"Dallas Buyers Club",2013,8,tt0790636
"Fantastic Beasts And Where To Find Them",2016,7,tt3183660
"Home Alone 2: Lost in New York",1992,6,tt0104431
"Mean Girls",2004,6,tt0377092
"Skyfall",2012,7,tt1074638
"Pearl Harbor",2001,6,tt0213149
"Harry Potter and the Prisoner of Azkaban",2004,9,tt0304141
"How to Train Your Dragon",2010,7,tt0892769
"Ratatouille",2007,7,tt0382932
"John Wick Chapter 2",2017,7,tt4425200
"Iron Man 3",2013,7,tt1300854
"The Hobbit: The Battle of the Five Armies - Part 3 (2014)",2014,5,tt2310332
"Fury",2014,7,tt2713180
"Harry Potter and the Half-Blood Prince",2009,8,tt0417741
"Harry Potter and the Deathly Hallows: Part 1",2010,8,tt0926084
"As Good as It Gets",1997,8,tt0119822
"Not Another Teen Movie",2001,3,tt0277371
"The Hunger Games",2012,6,tt1392170
"Rocketman",2019,7,tt2066051
"Avengers: Age of Ultron",2015,7,tt2395427
"The Notebook",2004,7,tt0332280
"Pirates of the Caribbean: Dead Man's Chest",2006,7,tt0383574
"Captain Fantastic",2016,7,tt3553976
"The Social Network",2010,8,tt1285016
"Lost in Translation",2003,7,tt0335266
"Gran Torino",2008,7,tt1205489
"Monsters, Inc.",2001,9,tt0198781
"La La Land",2016,6,tt3783958
"The Irishman",2019,7,tt1302006
"Hidden Figures",2016,7,tt4846340
"Armageddon",1998,6,tt0120591
"Kingsman: The Secret Service",2015,8,tt2802144
"Nightcrawler",2014,7,tt2872718
"John Wick",2014,8,tt2911666
"Edge of Tomorrow",2014,8,tt1631867
"Captain America: The Winter Soldier",2014,8,tt1843866
"Harry Potter and the Deathly Hallows: Part 2",2011,8,tt1201607
"Little Women",2019,7,tt3281548
"Finding Nemo",2003,8,tt0266543
"The Hobbit: The Desolation of Smaug",2013,6,tt1170358
"The Hateful Eight",2015,8,tt3460252
"The Hobbit: An Unexpected Journey",2012,6,tt0903624
"Guardians of the Galaxy Vol. 2",2017,7,tt3896198
"Minority Report",2002,7,tt0181689
"A Quiet Place Part II",2020,6,tt8332922
"The Mummy",1999,7,tt0120616
"Doctor Strange",2016,7,tt1211837
"Captain America: Civil War",2016,8,tt3498820
"Isle of Dogs",2018,7,tt5104604
"Her",2013,7,tt1798709
"Spirited Away",2002,8,tt0245429
"Snowpiercer",2013,7,tt1706620
"The Chronicles of Narnia: The Lion, the Witch and the Wardrobe",2005,6,tt0363771
"A Beautiful Mind",2001,8,tt0268978
"Deadpool 2",2018,8,tt5463162
"Black Panther",2018,7,tt1825683
"WALL·E",2008,9,tt0910970
"The Hurt Locker",2008,7,tt0887912
"Black Swan",2010,7,tt0947798
"Shang-Chi and the Legend of the Ten Rings",2021,6,tt9376612
"Iron Man",2008,8,tt0371746
"Spider-Man: Homecoming",2017,7,tt2250912
"Black Widow",2021,6,tt3480822
"Catch Me If You Can",2002,7,tt0264464
"Home Alone",1990,8,tt0099785
"The Avengers",2012,7,tt0848228
"Zero Dark Thirty",2012,7,tt1790885
"American Made",2017,7,tt3532216
"Thor: Ragnarok",2017,8,tt3501632
"Annihilation",2018,7,tt2798920
"Rise of the Planet of the Apes",2011,7,tt1318514
"A Star Is Born",2018,7,tt1517451
"Harry Potter and the Goblet of Fire",2005,8,tt0330373
"300",2007,7,tt0416449
"Shrek",2001,8,tt0126029
"The Trial of the Chicago 7",2020,8,tt1070874
"No Time to Die",2021,7,tt2382320
"Drive (2011)",2011,8,tt0780504
"Pig",2021,7,tt11003218
"Baby Driver",2017,7,tt3890160
"Indiana Jones and the Temple of Doom",1984,7,tt0087469
"Ready Player One",2018,7,tt1677720
"Avengers: Endgame",2019,8,tt4154796
"Eternal Sunshine of the Spotless Mind",2004,7,tt0338013
"Harry Potter and the Chamber of Secrets",2002,8,tt0295297
"Harry Potter and the Sorcerer's Stone",2001,8,tt0241527
"The Martian",2015,7,tt3659388
"Mission: Impossible - Fallout",2018,7,tt4912910
"Deadpool",2016,8,tt1431045
"Avengers: Infinity War",2018,8,tt4154756
"Thor: Love and Thunder",2022,5,tt10648342
"Vice",2018,8,tt6266538
"Titanic",1997,7,tt0120338
"Avatar",2009,7,tt0499549
"Triangle of Sadness",2022,7,tt7322224
"Green Book",2018,8,tt6966692
"Ex Machina",2015,8,tt0470752
"Die Hard",1988,7,tt0095016
"A Fistful of Dollars",1964,8,tt0058461
"Groundhog Day",1993,7,tt0107048
"The Sixth Sense",1999,7,tt0167404
"The Imitation Game",2014,7,tt2084970
"Arrival",2016,9,tt2543164
"Sicario",2015,8,tt3397884
"For a Few Dollars More",1965,8,tt0059578
"The Terminator",1984,8,tt0088247
"Avatar: The Way of Water",2022,6,tt1630029
"The Revenant",2015,8,tt1663202
"Dunkirk",2017,8,tt5013056
"The Lobster",2015,7,tt3464902
"Tenet",2020,8,tt6723592
"Once Upon a Time… in Hollywood",2019,8,tt7131622
"Bohemian Rhapsody",2018,7,tt1727824
"Palm Springs",2020,7,tt9484998
"Spider-Man: No Way Home",2021,8,tt10872600
"Requiem for a Dream",2000,7,tt0180093
"Get Out",2017,8,tt5052448
"The Gentlemen",2019,8,tt8367814
"Dune: Part One",2021,9,tt1160419
"Bullet Train",2022,7,tt12593682
"Everything Everywhere All at Once",2022,7,tt6710474
"Star Wars: Episode II - Attack of the Clones",2002,7,tt0121765
"Star Wars: Episode I - The Phantom Menace",1999,7,tt0120915
"Star Wars: The Last Jedi",2017,6,tt2527336
"Star Wars: The Rise of Skywalker",2019,4,tt2527338
"Rogue One: A Star Wars Story",2016,8,tt3748528
"Solo: A Star Wars Story",2018,7,tt3778644
"Star Wars: Episode III - Revenge of the Sith",2005,7,tt0121766
"Star Wars: The Force Awakens",2015,7,tt2488496
"The Green Mile",1999,9,tt0120689
"It's a Wonderful Life",1946,8,tt0038650
"Fight Club",1999,8,tt0137523
"Men in Black",1997,8,tt0119654
"Whiplash",2014,9,tt2582802
"Three Billboards Outside Ebbing, Missouri",2017,9,tt5027774
"Doctor Strange in the Multiverse of Madness",2022,5,tt9419884
"Top Gun: Maverick",2022,7,tt1745960
"Jojo Rabbit",2019,8,tt2584384
"They Shall Not Grow Old",2018,8,tt7905466
"Muldvarpen - Undercover i Nordkorea",2020,8,tt13243898
"The Big Short",2015,9,tt1596363
"Ocean's Eleven",2001,8,tt0240772
"No Country for Old Men",2007,10,tt0477348
"The Departed",2006,10,tt0407887
"Blade Runner",1982,10,tt0083658
"Blade Runner 2049",2017,10,tt1856101
"Dead Poets Society",1989,7,tt0097165
"In the Name of the Father",1993,8,tt0107207
"Rush",2013,7,tt1979320
"12 Years a Slave",2013,7,tt2024544
"The Man Who Shot Liberty Valance",1962,7,tt0056217
"Into the Wild",2007,9,tt0758758
"Mad Max: Fury Road",2015,9,tt1392190
"Spotlight",2015,8,tt1895587
"The Grand Budapest Hotel",2014,9,tt2278388
"Prisoners",2013,8,tt1392214
"Ford v Ferrari",2019,7,tt1950186
"Platoon",1986,8,tt0091763
"Logan",2017,8,tt3315342
"Life of Brian",1979,8,tt0079470
"Indiana Jones and the Last Crusade",1989,8,tt0097576
"Batman Begins",2005,8,tt0372784
"The Wolf of Wall Street",2013,8,tt0993846
"Pan's Labyrinth",2006,7,tt0457430
"Monty Python and the Holy Grail",1975,7,tt0071853
"Taxi Driver",1976,7,tt0075314
"Vertigo",1958,8,tt0052357
"Snatch",2000,9,tt0208092
"1917",2019,8,tt8579674
"Scarface",1983,7,tt0086250
"The Dark Knight Rises",2012,7,tt1345836
"Princess Mononoke",1997,8,tt0119698
"Apocalypse Now",1979,8,tt0078788
"Gladiator",2000,9,tt0172495
"The Prestige",2006,8,tt0482571
"The Pianist",2002,8,tt0253474
"Joker",2019,8,tt7286456
"Grave of the Fireflies",1988,8,tt0095327
"Watchmen: Motion Comic",2008,8,tt1322240
"Parasite",2019,8,tt6751668
"Interstellar",2014,9,tt0816692
"Forrest Gump",1994,7,tt0109830
"Inception",2010,9,tt1375666
"Good Will Hunting",1997,8,tt0119217
"Trainspotting",1996,8,tt0117951
"12 Monkeys",1995,8,tt0114746
"Moon",2009,8,tt1182345
"Stranger Than Fiction",2006,8,tt0420223
"Apollo 11",2019,9,tt8760684
"Apollo 13",1995,8,tt0112384
"Seven",1995,8,tt0114369
"Kingdom of Heaven",2005,8,tt0320661
"True Romance",1993,8,tt0108399
"Rain Man",1988,8,tt0095953
"King Kong",1933,8,tt0024216
"The Truman Show",1998,7,tt0120382
"Kill the Irishman",2011,7,tt1416801
"Gone with the Wind",1939,8,tt0031381
"Rope",1948,8,tt0040746
"Fear and Loathing in Las Vegas",1998,7,tt0120669
"Toy Story 2",1999,8,tt0120363
"Psycho",1960,8,tt0054215
"Fargo",1996,8,tt0116282
"One Flew Over the Cuckoo's Nest",1975,9,tt0073486
"The Silence of the Lambs",1991,9,tt0102926
"Goodfellas",1990,9,tt0099685
"District 9",2009,8,tt1136608
"Toy Story",1995,9,tt0114709
"The Lion King",1994,10,tt0110357
"Oldboy",2003,8,tt0364569
"Reservoir Dogs",1992,9,tt0105236
"Elling",2001,9,tt0279064
"V for Vendetta",2006,8,tt0434409
"Terminator 2: Judgment Day",1991,9,tt0103064
"Burn After Reading",2008,8,tt0887883
"The Dark Knight",2008,10,tt0468569
"The Godfather: Part II",1974,10,tt0071562
"North by Northwest",1959,8,tt0053125
"The Untouchables",1987,8,tt0094226
"Back to the Future",1985,9,tt0088763
"Alien",1979,9,tt0078748
"Almost Famous",2000,8,tt0181875
"The Matrix",1999,9,tt0133093
"Raiders of the Lost Ark",1981,9,tt0082971
"Rear Window",1954,9,tt0047396
"American History X",1998,8,tt0120586
"Big Fish",2003,9,tt0319061
"Jarhead",2005,8,tt0418763
"American Beauty",1999,8,tt0169547
"The Deer Hunter",1978,9,tt0077416
"Dances with Wolves",1990,9,tt0099348
"The Shining",1980,8,tt0081505
"Barton Fink",1991,8,tt0101410
"Django Unchained",2012,9,tt1853728
"Zodiac",2007,8,tt0443706
"Children of Men",2006,9,tt0206634
"There Will Be Blood",2007,10,tt0469494
"The Good, the Bad and the Ugly",1966,10,tt0060196
"Once Upon a Time in the West",1968,10,tt0064116
"The Big Lebowski",1998,10,tt0118715
"L.A. Confidential",1997,9,tt0119488
"Memento",2000,10,tt0209144
"Schindler's List",1993,9,tt0108052
"The Shawshank Redemption",1994,10,tt0111161
"Saving Private Ryan",1998,10,tt0120815
"The Lord of the Rings: The Fellowship of the Ring",2001,10,tt0120737
"The Lord of the Rings: The Two Towers",2002,10,tt0167261
"The Lord of the Rings: The Return of the King",2003,10,tt0167260
"Jurassic Park",1993,10,tt0107290
"Pulp Fiction",1994,10,tt0110912
"Sunset Blvd.",1950,10,tt0043014
"Return of the Jedi",1983,10,tt0086190
"The Empire Strikes Back",1980,10,tt0080684
"Star Wars",1977,10,tt0076759